{
  "space": [
    "Blend",
    [
      "Blend",
      [
        "Blend",
        [
          "Blend",
          [
            "Blend",
            [
              "Blend",
              [
                "Blend",
                [
                  "Blend",
                  [
                    "Blend",
                    [
                      "Blend",
                      [
                        "Blend",
                        [
                          "Blend",
                          [
                            "Blend",
                            [
                              "Blend",
                              [
                                "Blend",
                                [
                                  "Blend",
                                  [
                                    "Blend",
                                    [
                                      "Blend",
                                      [
                                        "Single",
                                        {
                                          "vertices": [
                                            [
                                              59.53625268775863,
                                              33.23828235033052
                                            ],
                                            [
                                              959.5362526877586,
                                              33.23828235033052
                                            ],
                                            [
                                              959.5362526877586,
                                              48.23828235033052
                                            ],
                                            [
                                              59.53625268775863,
                                              48.23828235033052
                                            ]
                                          ],
                                          "content": [ "Hell" ]
                                        }
                                      ],
                                      [
                                        "Single",
                                        {
                                          "vertices": [
                                            [
                                              59.53625268775863,
                                              233.2382823503305
                                            ],
                                            [
                                              959.5362526877586,
                                              233.2382823503305
                                            ],
                                            [
                                              959.5362526877586,
                                              248.2382823503305
                                            ],
                                            [
                                              59.53625268775863,
                                              248.2382823503305
                                            ]
                                          ],
                                          "content": [ "Hell" ]
                                        }
                                      ]
                                    ],
                                    [
                                      "Single",
                                      {
                                        "vertices": [
                                          [
                                            52.03625268775863,
                                            35.73828235033052
                                          ],
                                          [
                                            67.03625268775863,
                                            35.73828235033052
                                          ],
                                          [
                                            67.03625268775863,
                                            205.7382823503305
                                          ],
                                          [
                                            52.03625268775863,
                                            205.7382823503305
                                          ]
                                        ],
                                        "content": [ "Hell" ]
                                      }
                                    ]
                                  ],
                                  [
                                    "Single",
                                    {
                                      "vertices": [
                                        [
                                          102.03625268775863,
                                          75.73828235033051
                                        ],
                                        [
                                          117.03625268775863,
                                          75.73828235033051
                                        ],
                                        [
                                          117.03625268775863,
                                          245.7382823503305
                                        ],
                                        [
                                          102.03625268775863,
                                          245.7382823503305
                                        ]
                                      ],
                                      "content": [ "Hell" ]
                                    }
                                  ]
                                ],
                                [
                                  "Single",
                                  {
                                    "vertices": [
                                      [
                                        152.03625268775863, 35.73828235033052
                                      ],
                                      [
                                        167.03625268775863, 35.73828235033052
                                      ],
                                      [
                                        167.03625268775863, 205.7382823503305
                                      ],
                                      [
                                        152.03625268775863, 205.7382823503305
                                      ]
                                    ],
                                    "content": [ "Hell" ]
                                  }
                                ]
                              ],
                              [
                                "Single",
                                {
                                  "vertices": [
                                    [ 202.03625268775863, 75.73828235033051 ],
                                    [ 217.03625268775863, 75.73828235033051 ],
                                    [ 217.03625268775863, 245.7382823503305 ],
                                    [ 202.03625268775863, 245.7382823503305 ]
                                  ],