{
  "space": [
    "Blend",
    [
      "Blend",
      [
        "Blend",
        [
          "Blend",
          [
            "Blend",
            [
              "Blend",
              [
                "Blend",
                [
                  "Blend",
                  [
                    "Blend",
                    [
                      "Blend",
                      [
                        "Blend",
                        [
                          "Blend",
                          [
                            "Blend",
                            [
                              "Blend",
                              [
                                "Blend",
                                [
                                  "Blend",
                                  [
                                    "Blend",
                                    [
                                      "Single",
                                      {
                                        "vertices": [
                                          [
                                            86.065445266491,
                                            196.96708111907796
                                          ],
                                          [
                                            986.065445266491,
                                            196.96708111907796
                                          ],
                                          [
                                            986.065445266491,
                                            211.96708111907796
                                          ],
                                          [
                                            86.065445266491,
                                            211.96708111907796
                                          ]
                                        ],
                                        "content": [ "Hell" ]
                                      }
                                    ],
                                    [
                                      "Single",
                                      {
                                        "vertices": [
                                          [
                                            86.065445266491, 396.967081119078
                                          ],
                                          [
                                            986.065445266491,
                                            396.967081119078
                                          ],
                                          [
                                            986.065445266491,
                                            411.967081119078
                                          ],
                                          [
                                            86.065445266491, 411.967081119078
                                          ]
                                        ],
                                        "content": [ "Hell" ]
                                      }
                                    ]
                                  ],
                                  [
                                    "Single",
                                    {
                                      "vertices": [
                                        [ 78.565445266491, 199.467081119078 ],
                                        [ 93.565445266491, 199.467081119078 ],
                                        [ 93.565445266491, 369.467081119078 ],
                                        [ 78.565445266491, 369.467081119078 ]
                                      ],
                                      "content": [ "Hell" ]
                                    }
                                  ]
                                ],
                                [
                                  "Single",
                                  {
                                    "vertices": [
                                      [ 128.565445266491, 239.467081119078 ],
                                      [ 143.565445266491, 239.467081119078 ],
                                      [ 143.565445266491, 409.467081119078 ],
                                      [ 128.565445266491, 409.467081119078 ]
                                    ],
                                    "content": [ "Hell" ]
                                  }
                                ]
                              ],
                              [
                                "Single",
                                {
                                  "vertices": [
                                    [ 178.565445266491, 199.467081119078 ],
                                    [ 193.565445266491, 199.467081119078 ],
                                    [ 193.565445266491, 369.467081119078 ],
                                    [ 178.565445266491, 369.467081119078 ]
                                  ],
                                  "content": [ "Hell" ]
                                }
                              ]
                            ],
                            [
                              "Single",
                              {
                                "vertices": [
                                  [ 228.565445266491, 239.467081119078 ],
                                  [ 243.565445266491, 239.467081119078 ],
                                  [ 243.565445266491, 409.467081119078 ],
                                  [ 228.565445266491, 409.467081119078 ]
                                ],
                                "content": [ "Hell" ]
                              }
                            ]
                          ],
                          [
                            "Single",
                            {
                              "vertices": [
                                [ 278.565445266491, 199.467081119078 ],
                                [ 293.565445266491, 199.467081119078 ],
                                [ 293.565445266491, 369.467081119078 ],
                                [ 278.565445266491, 369.467081119078 ]
                              ],
                              "content": [ "Hell" ]
                            }
                          ]
                        ],
                        [
                          "Single",
                          {
                            "vertices": [
                              [ 328.565445266491, 239.467081119078 ],
                              [ 343.565445266491, 239.467081119078 ],
                              [ 343.565445266491, 409.467081119078 ],
                              [ 328.565445266491, 409.467081119078 ]
                            ],
                            "content": [ "Hell" ]
                          }
                        ]
                      ],
                      [
                        "Single",
                        {
                          "vertices": [
                            [ 378.565445266491, 199.467081119078 ],
                            [ 393.565445266491, 199.467081119078 ],
                            [ 393.565445266491, 369.467081119078 ],
                            [ 378.565445266491, 369.467081119078 ]
                          ],
                          "content": [ "Hell" ]
                        }
                      ]
                    ],
                    [
                      "Single",
                      {
                        "vertices": [
                          [ 428.565445266491, 239.467081119078 ],
                          [ 443.565445266491, 239.467081119078 ],
                          [ 443.565445266491, 409.467081119078 ],
                          [ 428.565445266491, 409.467081119078 ]
                        ],